-- MySQL dump 10.13  Distrib 8.0.44, for Linux (x86_64)
--
-- Host: localhost    Database: karuta_tracker
-- ------------------------------------------------------
-- Server version	8.0.44

/*!40101 SET @OLD_CHARACTER_SET_CLIENT=@@CHARACTER_SET_CLIENT */;
/*!40101 SET @OLD_CHARACTER_SET_RESULTS=@@CHARACTER_SET_RESULTS */;
/*!40101 SET @OLD_COLLATION_CONNECTION=@@COLLATION_CONNECTION */;
/*!50503 SET NAMES utf8mb4 */;
/*!40103 SET @OLD_TIME_ZONE=@@TIME_ZONE */;
/*!40103 SET TIME_ZONE='+00:00' */;
/*!40014 SET @OLD_UNIQUE_CHECKS=@@UNIQUE_CHECKS, UNIQUE_CHECKS=0 */;
/*!40014 SET @OLD_FOREIGN_KEY_CHECKS=@@FOREIGN_KEY_CHECKS, FOREIGN_KEY_CHECKS=0 */;
/*!40101 SET @OLD_SQL_MODE=@@SQL_MODE, SQL_MODE='NO_AUTO_VALUE_ON_ZERO' */;
/*!40111 SET @OLD_SQL_NOTES=@@SQL_NOTES, SQL_NOTES=0 */;

--
-- Table structure for table `match_pairings`
--

DROP TABLE IF EXISTS `match_pairings`;
/*!40101 SET @saved_cs_client     = @@character_set_client */;
/*!50503 SET character_set_client = utf8mb4 */;
CREATE TABLE `match_pairings` (
  `id` bigint NOT NULL AUTO_INCREMENT,
  `created_at` datetime(6) NOT NULL,
  `created_by` bigint NOT NULL,
  `match_number` int NOT NULL,
  `player1_id` bigint NOT NULL,
  `player2_id` bigint NOT NULL,
  `session_date` date NOT NULL,
  `updated_at` datetime(6) NOT NULL,
  PRIMARY KEY (`id`)
) ENGINE=InnoDB AUTO_INCREMENT=96 DEFAULT CHARSET=utf8mb4 COLLATE=utf8mb4_unicode_ci;
/*!40101 SET character_set_client = @saved_cs_client */;

--
-- Dumping data for table `match_pairings`
--

LOCK TABLES `match_pairings` WRITE;
/*!40000 ALTER TABLE `match_pairings` DISABLE KEYS */;
INSERT INTO `match_pairings` VALUES (1,'2025-11-09 23:25:17.313399',1,1,1,2,'2025-11-13','2025-11-09 23:25:17.313399'),(2,'2025-11-09 23:25:17.316849',1,1,3,4,'2025-11-13','2025-11-09 23:25:17.316849'),(3,'2025-11-09 23:29:39.793893',1,4,4,2,'2025-11-13','2025-11-09 23:29:39.793893'),(4,'2025-11-09 23:29:39.800573',1,4,3,1,'2025-11-13','2025-11-09 23:29:39.800573'),(5,'2025-11-09 23:44:51.162221',1,1,5,4,'2025-11-09','2025-11-09 23:44:51.162221'),(6,'2025-11-09 23:44:51.165513',1,1,2,1,'2025-11-09','2025-11-09 23:44:51.165513'),(7,'2025-11-10 07:42:23.524871',1,1,4,1,'2025-11-10','2025-11-10 07:42:23.524871'),(8,'2025-11-10 07:42:23.530176',1,1,5,2,'2025-11-10','2025-11-10 07:42:23.530176'),(9,'2025-11-10 07:42:23.534624',1,1,8,7,'2025-11-10','2025-11-10 07:42:23.534624'),(10,'2025-11-10 07:56:16.493492',1,2,8,2,'2025-11-10','2025-11-10 07:56:16.493492'),(11,'2025-11-10 07:56:16.500368',1,2,7,4,'2025-11-10','2025-11-10 07:56:16.500368'),(12,'2025-11-10 07:56:16.503044',1,2,1,5,'2025-11-10','2025-11-10 07:56:16.503044'),(13,'2025-11-17 12:00:22.194514',1,1,8,5,'2025-11-19','2025-11-17 12:00:22.194514'),(14,'2025-11-17 12:02:27.686390',1,1,5,2,'2025-11-17','2025-11-17 12:02:27.686390'),(15,'2025-11-17 12:02:27.694075',1,1,7,1,'2025-11-17','2025-11-17 12:02:27.694075'),(16,'2025-11-17 12:04:25.467978',1,2,5,1,'2025-11-17','2025-11-17 12:04:25.467978'),(17,'2025-11-17 12:04:25.473977',1,2,2,7,'2025-11-17','2025-11-17 12:04:25.473977'),(18,'2025-11-19 00:28:46.880378',1,1,5,8,'2025-11-23','2025-11-19 00:28:46.880378'),(19,'2025-11-19 00:28:46.886431',1,1,2,6,'2025-11-23','2025-11-19 00:28:46.886431'),(20,'2025-11-19 00:28:46.889718',1,1,7,1,'2025-11-23','2025-11-19 00:28:46.889718'),(21,'2025-11-19 00:28:46.892927',1,1,4,3,'2025-11-23','2025-11-19 00:28:46.892927'),(22,'2025-11-19 00:28:59.789121',1,2,7,6,'2025-11-23','2025-11-19 00:28:59.789121'),(23,'2025-11-19 00:28:59.791271',1,2,4,1,'2025-11-23','2025-11-19 00:28:59.791271'),(24,'2025-11-19 00:28:59.794192',1,2,8,2,'2025-11-23','2025-11-19 00:28:59.794192'),(25,'2025-11-19 00:28:59.796459',1,2,5,3,'2025-11-23','2025-11-19 00:28:59.796459'),(26,'2025-11-19 00:29:28.449277',1,3,8,2,'2025-11-23','2025-11-19 00:29:28.449823'),(27,'2025-11-19 00:29:28.452189',1,3,6,3,'2025-11-23','2025-11-19 00:29:28.452189'),(28,'2025-11-19 00:29:28.454351',1,3,7,1,'2025-11-23','2025-11-19 00:29:28.454351'),(29,'2025-11-19 00:29:28.455980',1,3,4,5,'2025-11-23','2025-11-19 00:29:28.455980'),(31,'2025-11-20 12:28:30.347638',1,2,1,3,'2025-11-20','2025-11-20 12:28:30.347638'),(33,'2025-11-20 12:41:13.061231',1,1,8,5,'2025-11-20','2025-11-20 12:41:13.061231'),(34,'2025-11-20 12:41:13.065148',1,1,1,2,'2025-11-20','2025-11-20 12:41:13.065148'),(35,'2025-11-20 12:41:13.067269',1,1,6,4,'2025-11-20','2025-11-20 12:41:13.067269'),(36,'2025-11-20 12:41:13.069401',1,1,3,7,'2025-11-20','2025-11-20 12:41:13.069401'),(37,'2025-11-20 19:45:55.799795',1,3,5,3,'2025-11-20','2025-11-20 19:45:55.799795'),(38,'2025-11-20 19:45:55.807675',1,3,4,1,'2025-11-20','2025-11-20 19:45:55.807675'),(39,'2025-11-20 19:45:55.810348',1,3,6,7,'2025-11-20','2025-11-20 19:45:55.810348'),(40,'2025-11-20 19:45:55.813116',1,3,2,8,'2025-11-20','2025-11-20 19:45:55.813116'),(41,'2025-11-20 19:48:28.135057',1,4,2,3,'2025-11-20','2025-11-20 19:48:28.135057'),(42,'2025-11-20 19:48:28.137826',1,4,6,7,'2025-11-20','2025-11-20 19:48:28.137826'),(43,'2025-11-20 19:48:28.140226',1,4,1,5,'2025-11-20','2025-11-20 19:48:28.140226'),(44,'2025-11-20 19:48:28.142920',1,4,8,4,'2025-11-20','2025-11-20 19:48:28.142920'),(45,'2025-11-28 12:21:56.192205',1,1,3,1,'2025-11-28','2025-11-28 12:21:56.192205'),(46,'2025-12-04 12:25:17.753567',1,1,4,8,'2025-12-04','2025-12-04 12:25:17.753567'),(47,'2025-12-04 12:25:17.762460',1,1,6,3,'2025-12-04','2025-12-04 12:25:17.762460'),(48,'2025-12-04 12:25:17.764762',1,1,7,5,'2025-12-04','2025-12-04 12:25:17.764762'),(49,'2025-12-04 12:25:17.766353',1,1,1,2,'2025-12-04','2025-12-04 12:25:17.766353'),(50,'2026-01-01 22:16:02.007276',1,1,3,7,'2026-01-01','2026-01-01 22:16:02.007276'),(51,'2026-01-01 22:16:02.015966',1,1,5,2,'2026-01-01','2026-01-01 22:16:02.015966'),(52,'2026-01-01 22:16:02.019236',1,1,6,8,'2026-01-01','2026-01-01 22:16:02.019236'),(53,'2026-01-01 22:16:02.021966',1,1,4,1,'2026-01-01','2026-01-01 22:16:02.021966'),(54,'2026-01-01 22:16:18.406662',1,2,1,4,'2026-01-01','2026-01-01 22:16:18.406662'),(55,'2026-01-01 22:16:18.415998',1,2,6,3,'2026-01-01','2026-01-01 22:16:18.415998'),(56,'2026-01-01 22:16:18.419099',1,2,5,7,'2026-01-01','2026-01-01 22:16:18.419099'),(57,'2026-01-01 22:16:18.421748',1,2,2,8,'2026-01-01','2026-01-01 22:16:18.421748'),(58,'2026-01-01 22:33:57.277978',1,3,7,6,'2026-01-01','2026-01-01 22:33:57.277978'),(59,'2026-01-01 22:33:57.284831',1,3,5,3,'2026-01-01','2026-01-01 22:33:57.284831'),(60,'2026-01-01 22:33:57.287032',1,3,4,8,'2026-01-01','2026-01-01 22:33:57.287032'),(61,'2026-01-01 22:33:57.288626',1,3,1,2,'2026-01-01','2026-01-01 22:33:57.288626'),(62,'2026-01-01 22:34:06.246386',1,4,3,1,'2026-01-01','2026-01-01 22:34:06.246386'),(63,'2026-01-01 22:34:06.249125',1,4,7,8,'2026-01-01','2026-01-01 22:34:06.249125'),(64,'2026-01-01 22:34:06.250758',1,4,6,2,'2026-01-01','2026-01-01 22:34:06.250758'),(65,'2026-01-01 22:34:06.254088',1,4,4,5,'2026-01-01','2026-01-01 22:34:06.254088'),(66,'2026-01-01 22:40:21.611924',1,5,5,6,'2026-01-01','2026-01-01 22:40:21.611924'),(67,'2026-01-01 22:40:21.616910',1,5,7,4,'2026-01-01','2026-01-01 22:40:21.616910'),(68,'2026-01-01 22:40:21.618571',1,5,3,2,'2026-01-01','2026-01-01 22:40:21.618571'),(69,'2026-01-01 22:40:21.620225',1,5,8,1,'2026-01-01','2026-01-01 22:40:21.620225'),(70,'2026-01-01 22:42:58.376145',1,6,4,6,'2026-01-01','2026-01-01 22:42:58.376145'),(71,'2026-01-01 22:42:58.379430',1,6,5,8,'2026-01-01','2026-01-01 22:42:58.379430'),(72,'2026-01-01 22:42:58.381630',1,6,7,2,'2026-01-01','2026-01-01 22:42:58.381630'),(73,'2026-01-01 22:43:05.669454',1,7,3,8,'2026-01-01','2026-01-01 22:43:05.669981'),(74,'2026-01-01 22:43:05.673338',1,7,7,1,'2026-01-01','2026-01-01 22:43:05.673338'),(75,'2026-01-01 22:43:05.675497',1,7,4,6,'2026-01-01','2026-01-01 22:43:05.675497'),(76,'2026-01-01 22:43:13.884157',1,8,8,5,'2026-01-01','2026-01-01 22:43:13.884157'),(77,'2026-01-01 22:43:13.886891',1,8,4,3,'2026-01-01','2026-01-01 22:43:13.886891'),(78,'2026-01-01 22:43:13.889121',1,8,1,6,'2026-01-01','2026-01-01 22:43:13.889121'),(79,'2026-01-01 22:43:13.892003',1,8,2,7,'2026-01-01','2026-01-01 22:43:13.892003'),(80,'2026-01-02 18:10:30.474930',1,1,7,4,'2026-01-02','2026-01-02 18:10:30.474930'),(81,'2026-01-02 18:10:30.489178',1,1,2,3,'2026-01-02','2026-01-02 18:10:30.489178'),(82,'2026-01-02 18:10:30.493878',1,1,1,5,'2026-01-02','2026-01-02 18:10:30.493878'),(83,'2026-01-02 18:10:30.496039',1,1,8,6,'2026-01-02','2026-01-02 18:10:30.496039'),(84,'2026-01-02 18:10:53.716460',1,2,2,3,'2026-01-02','2026-01-02 18:10:53.716460'),(85,'2026-01-02 18:10:53.720443',1,2,7,4,'2026-01-02','2026-01-02 18:10:53.720443'),(86,'2026-01-02 18:10:53.725082',1,2,6,5,'2026-01-02','2026-01-02 18:10:53.725082'),(87,'2026-01-02 18:10:53.727689',1,2,8,1,'2026-01-02','2026-01-02 18:10:53.727689'),(88,'2026-01-02 18:10:59.625681',1,3,8,3,'2026-01-02','2026-01-02 18:10:59.625681'),(89,'2026-01-02 18:10:59.630749',1,3,4,6,'2026-01-02','2026-01-02 18:10:59.630749'),(90,'2026-01-02 18:10:59.634617',1,3,7,1,'2026-01-02','2026-01-02 18:10:59.634617'),(91,'2026-01-02 18:10:59.637605',1,3,5,2,'2026-01-02','2026-01-02 18:10:59.637605'),(92,'2026-01-02 22:45:41.453459',1,4,5,8,'2026-01-02','2026-01-02 22:45:41.453459'),(93,'2026-01-02 22:45:41.525780',1,4,3,4,'2026-01-02','2026-01-02 22:45:41.525780'),(94,'2026-01-02 22:45:41.530422',1,4,1,6,'2026-01-02','2026-01-02 22:45:41.530422'),(95,'2026-01-02 22:45:41.535440',1,4,7,2,'2026-01-02','2026-01-02 22:45:41.535440');
/*!40000 ALTER TABLE `match_pairings` ENABLE KEYS */;
UNLOCK TABLES;

--
-- Table structure for table `matches`
--

DROP TABLE IF EXISTS `matches`;
/*!40101 SET @saved_cs_client     = @@character_set_client */;
/*!50503 SET character_set_client = utf8mb4 */;
CREATE TABLE `matches` (
  `id` bigint NOT NULL AUTO_INCREMENT,
  `created_at` datetime(6) NOT NULL,
  `created_by` bigint NOT NULL,
  `match_date` date NOT NULL,
  `match_number` int NOT NULL,
  `notes` text COLLATE utf8mb4_unicode_ci,
  `opponent_name` varchar(100) COLLATE utf8mb4_unicode_ci DEFAULT NULL,
  `player1_id` bigint NOT NULL,
  `player2_id` bigint NOT NULL,
  `score_difference` int NOT NULL,
  `updated_at` datetime(6) NOT NULL,
  `updated_by` bigint NOT NULL,
  `winner_id` bigint NOT NULL,
  PRIMARY KEY (`id`),
  KEY `idx_matches_date` (`match_date`),
  KEY `idx_matches_date_player1` (`match_date`,`player1_id`),
  KEY `idx_matches_date_player2` (`match_date`,`player2_id`),
  KEY `idx_matches_winner` (`winner_id`),
  KEY `idx_matches_date_match_number` (`match_date`,`match_number`)
) ENGINE=InnoDB AUTO_INCREMENT=57 DEFAULT CHARSET=utf8mb4 COLLATE=utf8mb4_unicode_ci;
/*!40101 SET character_set_client = @saved_cs_client */;

--
-- Dumping data for table `matches`
--

LOCK TABLES `matches` WRITE;
/*!40000 ALTER TABLE `matches` DISABLE KEYS */;
INSERT INTO `matches` VALUES (1,'2025-11-09 23:31:19.241922',4,'2025-11-13',1,'','土居悠太',0,4,21,'2025-11-09 23:31:19.241922',4,4),(2,'2025-11-19 00:25:50.008993',2,'2025-11-18',1,'','ピチュー',0,2,12,'2025-11-19 00:25:50.008993',2,2),(3,'2025-11-19 00:26:07.760907',2,'2025-11-18',2,'','ピチュー',0,2,20,'2025-11-19 00:26:07.760907',2,2),(4,'2025-11-19 23:03:09.814906',1,'2025-11-23',1,'','ピカチュウ',0,1,0,'2025-11-19 23:03:09.814919',1,1),(5,'2025-11-19 23:03:32.010377',1,'2025-11-23',2,'','らい中',0,1,2,'2025-11-19 23:03:32.010387',1,0),(6,'2025-11-19 23:10:18.245224',1,'2025-11-19',1,'','アチャモ',0,1,10,'2025-11-19 23:10:18.245229',1,1),(7,'2025-11-20 12:23:35.000456',3,'2025-11-20',1,'','ピカチュウ',0,3,9,'2025-11-20 12:23:35.000456',3,3),(8,'2025-11-20 12:28:50.200724',3,'2025-11-20',2,'','土居悠太',0,3,8,'2025-11-20 12:28:50.200724',3,3),(9,'2025-11-20 12:32:11.324695',3,'2025-11-20',3,'','ピカチュウ',0,3,17,'2025-11-20 12:32:11.324695',3,3),(10,'2025-11-20 19:43:17.160228',1,'2025-11-20',1,'','ピカチュウ',1,1,3,'2025-11-20 19:57:04.835942',1,1),(11,'2025-11-20 19:46:09.024781',1,'2025-11-20',3,'','らい中',1,1,7,'2025-11-20 19:56:53.396095',1,1),(12,'2025-11-20 19:48:52.320476',1,'2025-11-20',4,'','アチャモ',0,1,7,'2025-11-20 19:48:52.320476',1,1),(13,'2025-11-20 19:59:12.461125',1,'2025-11-20',2,'','ピチュー',0,1,18,'2025-11-20 19:59:12.461125',1,1),(14,'2025-11-20 20:00:11.035705',3,'2025-11-20',4,'','ピカチュウ',0,3,8,'2025-11-20 20:00:11.035705',3,3),(15,'2025-11-28 12:22:37.810930',3,'2025-11-28',1,'','土居悠太',0,3,7,'2025-11-28 12:22:37.810930',3,3),(16,'2026-01-01 22:23:35.812949',1,'2026-01-01',1,'','らい中',0,1,7,'2026-01-01 22:23:35.812949',1,1),(17,'2026-01-01 22:23:35.812949',6,'2026-01-01',1,'','TestPlayer2',0,6,5,'2026-01-01 22:23:35.812949',6,0),(18,'2026-01-01 22:23:35.812949',5,'2026-01-01',1,'','ピカチュウ',0,5,9,'2026-01-01 22:23:35.812949',5,5),(19,'2026-01-01 22:23:35.812949',3,'2026-01-01',1,'','Test',0,3,11,'2026-01-01 22:23:35.812949',3,0),(20,'2026-01-01 22:32:15.723758',1,'2026-01-01',1,NULL,NULL,1,4,13,'2026-01-01 22:32:15.723758',1,1),(21,'2026-01-01 22:32:15.723134',1,'2026-01-01',1,NULL,NULL,6,8,8,'2026-01-01 22:33:06.899413',1,6),(22,'2026-01-01 22:32:15.723134',1,'2026-01-01',1,NULL,NULL,2,5,12,'2026-01-01 22:32:15.723134',1,5),(23,'2026-01-01 22:32:15.723134',1,'2026-01-01',1,NULL,NULL,3,7,8,'2026-01-01 22:32:15.723134',1,7),(24,'2026-01-01 22:32:45.065761',1,'2026-01-01',2,NULL,NULL,5,7,8,'2026-01-01 22:33:27.319414',1,5),(25,'2026-01-01 22:32:45.065761',1,'2026-01-01',2,NULL,NULL,1,4,2,'2026-01-01 22:32:45.065761',1,1),(26,'2026-01-01 22:33:06.860243',1,'2026-01-01',1,NULL,NULL,1,4,13,'2026-01-01 22:33:06.860243',1,1),(27,'2026-01-01 22:33:06.876121',1,'2026-01-01',1,NULL,NULL,2,5,9,'2026-01-01 22:33:06.876121',1,2),(28,'2026-01-01 22:33:27.319414',1,'2026-01-01',2,NULL,NULL,2,8,12,'2026-01-01 22:33:27.319414',1,8),(29,'2026-01-01 22:33:27.334639',1,'2026-01-01',2,NULL,NULL,3,6,4,'2026-01-01 22:33:27.334639',1,6),(30,'2026-01-01 22:34:35.243982',1,'2026-01-01',3,NULL,NULL,6,7,14,'2026-01-01 22:34:35.243982',1,6),(31,'2026-01-01 22:34:35.243982',1,'2026-01-01',4,NULL,NULL,2,6,9,'2026-01-01 22:34:35.243982',1,6),(32,'2026-01-01 22:34:35.243982',1,'2026-01-01',4,NULL,NULL,7,8,1,'2026-01-01 22:35:15.326747',1,7),(33,'2026-01-01 22:34:35.243982',1,'2026-01-01',3,NULL,NULL,4,8,2,'2026-01-01 22:35:15.326747',1,4),(34,'2026-01-01 22:35:15.271666',1,'2026-01-01',3,NULL,NULL,3,5,1,'2026-01-01 22:35:15.271666',1,5),(35,'2026-01-01 22:35:15.271666',1,'2026-01-01',3,NULL,NULL,6,7,1,'2026-01-01 22:35:15.271666',1,7),(36,'2026-01-01 22:35:15.272473',1,'2026-01-01',3,NULL,NULL,1,2,1,'2026-01-01 22:35:15.272473',1,1),(37,'2026-01-01 22:35:15.271666',1,'2026-01-01',4,NULL,NULL,1,3,5,'2026-01-01 22:35:15.271666',1,3),(38,'2026-01-01 22:35:15.288346',1,'2026-01-01',4,NULL,NULL,4,5,1,'2026-01-01 22:35:15.288346',1,4),(39,'2026-01-01 22:35:15.297776',1,'2026-01-01',4,NULL,NULL,2,6,2,'2026-01-01 22:35:15.297776',1,6),(40,'2026-01-02 18:22:09.795773',1,'2026-01-02',1,'ここにメモを書きます。お手付きの回数とか、敵陣で取りこぼした札とか、何で勝ったか、なんで負けたかなどなど、、、他の人が見れるようにするかどうかはおいおい考えるとして、とりあえず開発を進めるうえでどのように見えるかを確かめるためにここにテストという名目で書き記しておくことにしましょうか','アチャモ',1,5,3,'2026-01-03 17:06:45.873199',1,1),(41,'2026-01-02 18:22:09.795773',1,'2026-01-02',1,NULL,NULL,2,3,9,'2026-01-02 18:22:09.795773',1,2),(42,'2026-01-02 18:22:09.793489',1,'2026-01-02',1,NULL,NULL,4,7,5,'2026-01-02 18:22:09.793489',1,7),(43,'2026-01-02 18:22:09.796371',1,'2026-01-02',1,NULL,NULL,6,8,9,'2026-01-02 18:22:09.796371',1,8),(44,'2026-01-02 18:22:33.389320',1,'2026-01-02',2,NULL,NULL,5,6,10,'2026-01-02 18:22:33.389320',1,5),(45,'2026-01-02 18:22:33.389320',1,'2026-01-02',2,NULL,NULL,1,8,13,'2026-01-02 18:22:33.389320',1,1),(46,'2026-01-02 18:22:33.389320',1,'2026-01-02',2,NULL,NULL,4,7,10,'2026-01-02 18:22:33.389320',1,4),(47,'2026-01-02 18:22:33.389320',1,'2026-01-02',2,NULL,NULL,2,3,5,'2026-01-02 18:22:33.389320',1,3),(48,'2026-01-02 18:26:06.666165',1,'2026-01-02',3,NULL,NULL,2,5,7,'2026-01-02 18:26:06.666165',1,2),(49,'2026-01-02 18:26:06.666165',1,'2026-01-02',3,NULL,NULL,4,6,8,'2026-01-02 18:26:06.666165',1,6),(50,'2026-01-02 18:26:06.666165',1,'2026-01-02',3,NULL,NULL,3,8,13,'2026-01-02 18:26:06.666165',1,3),(51,'2026-01-02 18:26:06.666165',1,'2026-01-02',3,NULL,NULL,1,7,7,'2026-01-02 18:26:06.666165',1,1),(53,'2026-01-02 23:05:13.859098',1,'2026-01-02',4,NULL,NULL,1,6,8,'2026-01-02 23:05:13.859098',1,1),(54,'2026-01-02 23:22:30.650072',1,'2026-01-02',4,NULL,NULL,3,4,12,'2026-01-02 23:22:30.650072',1,3),(55,'2026-01-02 23:22:30.650072',1,'2026-01-02',4,NULL,NULL,5,8,6,'2026-01-02 23:22:30.650072',1,8),(56,'2026-01-02 23:22:30.650072',1,'2026-01-02',4,NULL,NULL,2,7,14,'2026-01-02 23:22:30.650072',1,2);
/*!40000 ALTER TABLE `matches` ENABLE KEYS */;
UNLOCK TABLES;

--
-- Table structure for table `player_profiles`
--

DROP TABLE IF EXISTS `player_profiles`;
/*!40101 SET @saved_cs_client     = @@character_set_client */;
/*!50503 SET character_set_client = utf8mb4 */;
CREATE TABLE `player_profiles` (
  `id` bigint NOT NULL AUTO_INCREMENT,
  `created_at` datetime(6) NOT NULL,
  `dan` enum('七','三','二','五','八','六','初','四','無') COLLATE utf8mb4_unicode_ci NOT NULL,
  `grade` enum('A','B','C','D','E') COLLATE utf8mb4_unicode_ci NOT NULL,
  `karuta_club` varchar(200) COLLATE utf8mb4_unicode_ci NOT NULL,
  `player_id` bigint NOT NULL,
  `updated_at` datetime(6) NOT NULL,
  `valid_from` date NOT NULL,
  `valid_to` date DEFAULT NULL,
  PRIMARY KEY (`id`),
  KEY `idx_player_date` (`player_id`,`valid_from`,`valid_to`),
  KEY `idx_valid_to` (`valid_to`)
) ENGINE=InnoDB DEFAULT CHARSET=utf8mb4 COLLATE=utf8mb4_unicode_ci;
/*!40101 SET character_set_client = @saved_cs_client */;

--
-- Dumping data for table `player_profiles`
--

LOCK TABLES `player_profiles` WRITE;
/*!40000 ALTER TABLE `player_profiles` DISABLE KEYS */;
/*!40000 ALTER TABLE `player_profiles` ENABLE KEYS */;
UNLOCK TABLES;

--
-- Table structure for table `players`
--

DROP TABLE IF EXISTS `players`;
/*!40101 SET @saved_cs_client     = @@character_set_client */;
/*!50503 SET character_set_client = utf8mb4 */;
CREATE TABLE `players` (
  `id` bigint NOT NULL AUTO_INCREMENT,
  `created_at` datetime(6) NOT NULL,
  `deleted_at` datetime(6) DEFAULT NULL,
  `dominant_hand` enum('両','右','左') COLLATE utf8mb4_unicode_ci NOT NULL,
  `gender` enum('その他','女性','男性') COLLATE utf8mb4_unicode_ci NOT NULL,
  `name` varchar(100) COLLATE utf8mb4_unicode_ci NOT NULL,
  `password` varchar(255) COLLATE utf8mb4_unicode_ci NOT NULL,
  `role` enum('ADMIN','PLAYER','SUPER_ADMIN') COLLATE utf8mb4_unicode_ci NOT NULL,
  `updated_at` datetime(6) NOT NULL,
  `dan_rank` enum('七段','五段','八段','六段','初段','参段','四段','弐段','無段') COLLATE utf8mb4_unicode_ci DEFAULT NULL,
  `karuta_club` varchar(200) COLLATE utf8mb4_unicode_ci DEFAULT NULL,
  `kyu_rank` enum('A級','B級','C級','D級','E級') COLLATE utf8mb4_unicode_ci DEFAULT NULL,
  `remarks` text COLLATE utf8mb4_unicode_ci,
  PRIMARY KEY (`id`),
  UNIQUE KEY `UKpblmuavgrnr991e41662asko` (`name`),
  KEY `idx_name_active` (`name`,`deleted_at`),
  KEY `idx_deleted_at` (`deleted_at`)
) ENGINE=InnoDB AUTO_INCREMENT=9 DEFAULT CHARSET=utf8mb4 COLLATE=utf8mb4_unicode_ci;
/*!40101 SET character_set_client = @saved_cs_client */;

--
-- Dumping data for table `players`
--

LOCK TABLES `players` WRITE;
/*!40000 ALTER TABLE `players` DISABLE KEYS */;
INSERT INTO `players` VALUES (1,'2025-11-09 23:23:20.871997',NULL,'右','男性','土居悠太','password123','SUPER_ADMIN','2025-11-14 22:34:26.428858',NULL,NULL,NULL,NULL),(2,'2025-11-09 23:23:53.043797',NULL,'右','男性','ピカチュウ','pass1234','PLAYER','2025-11-09 23:23:53.043797',NULL,NULL,NULL,NULL),(3,'2025-11-09 23:24:12.787673',NULL,'右','男性','ピチュー','pass1234','PLAYER','2025-11-09 23:24:12.787673',NULL,NULL,NULL,NULL),(4,'2025-11-09 23:24:38.020409',NULL,'右','男性','らい中','pass1234','PLAYER','2025-11-09 23:24:38.020409',NULL,NULL,NULL,NULL),(5,'2025-11-09 23:34:47.667745',NULL,'右','男性','アチャモ','pass1234','PLAYER','2025-11-09 23:34:47.667745',NULL,NULL,NULL,NULL),(6,'2025-11-09 23:35:03.080607',NULL,'右','男性','若者も','pass1234','PLAYER','2025-11-09 23:35:03.080607',NULL,NULL,NULL,NULL),(7,'2025-11-10 07:40:32.634090',NULL,'右','男性','Test','password123','PLAYER','2025-11-10 07:40:32.634090',NULL,NULL,NULL,NULL),(8,'2025-11-10 07:40:38.912027',NULL,'右','男性','TestPlayer2','password123','PLAYER','2025-11-10 07:40:38.912027','弐段','テスト会','C級',NULL);
/*!40000 ALTER TABLE `players` ENABLE KEYS */;
UNLOCK TABLES;

--
-- Table structure for table `practice_participants`
--

DROP TABLE IF EXISTS `practice_participants`;
/*!40101 SET @saved_cs_client     = @@character_set_client */;
/*!50503 SET character_set_client = utf8mb4 */;
CREATE TABLE `practice_participants` (
  `id` bigint NOT NULL AUTO_INCREMENT,
  `created_at` datetime(6) NOT NULL,
  `player_id` bigint NOT NULL,
  `session_id` bigint NOT NULL,
  `updated_at` datetime(6) NOT NULL,
  `match_number` int DEFAULT NULL,
  PRIMARY KEY (`id`),
  UNIQUE KEY `uk_session_player_match` (`session_id`,`player_id`,`match_number`),
  KEY `idx_participant_session` (`session_id`),
  KEY `idx_participant_player` (`player_id`)
) ENGINE=InnoDB AUTO_INCREMENT=779 DEFAULT CHARSET=utf8mb4 COLLATE=utf8mb4_unicode_ci;
/*!40101 SET character_set_client = @saved_cs_client */;

--
-- Dumping data for table `practice_participants`
--

LOCK TABLES `practice_participants` WRITE;
/*!40000 ALTER TABLE `practice_participants` DISABLE KEYS */;
INSERT INTO `practice_participants` VALUES (3,'2025-11-09 23:24:51.532005',4,1,'2025-11-09 23:24:51.532005',0),(5,'2025-11-09 23:35:22.382835',5,2,'2025-11-09 23:35:22.382835',0),(7,'2025-11-09 23:35:22.394038',4,2,'2025-11-09 23:35:22.394038',0),(9,'2025-11-10 07:41:32.928979',7,3,'2025-11-10 07:41:32.928979',0),(10,'2025-11-10 07:41:32.933695',8,3,'2025-11-10 07:41:32.933695',0),(11,'2025-11-10 07:41:32.937939',5,3,'2025-11-10 07:41:32.937939',0),(13,'2025-11-10 07:41:32.947189',4,3,'2025-11-10 07:41:32.947189',0),(22,'2025-11-11 12:08:44.777308',5,10,'2025-11-11 12:08:44.777308',NULL),(23,'2025-11-11 12:08:44.780553',8,10,'2025-11-11 12:08:44.780553',NULL),(143,'2025-11-17 12:01:39.172245',7,15,'2025-11-17 12:01:39.172245',NULL),(144,'2025-11-17 12:01:39.178122',8,15,'2025-11-17 12:01:39.178122',NULL),(146,'2025-11-17 12:01:39.183711',5,15,'2025-11-17 12:01:39.183711',NULL),(208,'2025-11-19 00:16:13.053710',2,1,'2025-11-19 00:16:13.053710',0),(209,'2025-11-19 00:16:13.056928',2,2,'2025-11-19 00:16:13.056928',0),(210,'2025-11-19 00:16:13.060168',2,3,'2025-11-19 00:16:13.060168',0),(215,'2025-11-19 00:16:13.074717',2,12,'2025-11-19 00:16:13.074717',1),(216,'2025-11-19 00:16:13.076360',2,12,'2025-11-19 00:16:13.076360',2),(217,'2025-11-19 00:16:13.078585',2,12,'2025-11-19 00:16:13.078585',3),(226,'2025-11-19 00:28:21.249138',7,17,'2025-11-19 00:28:21.249138',NULL),(227,'2025-11-19 00:28:21.251150',8,17,'2025-11-19 00:28:21.251150',NULL),(228,'2025-11-19 00:28:21.255178',5,17,'2025-11-19 00:28:21.255178',NULL),(229,'2025-11-19 00:28:21.259598',2,17,'2025-11-19 00:28:21.259598',NULL),(231,'2025-11-19 00:28:21.263452',4,17,'2025-11-19 00:28:21.263452',NULL),(233,'2025-11-19 00:28:21.267993',6,17,'2025-11-19 00:28:21.267993',NULL),(238,'2025-11-19 00:42:49.904206',2,16,'2025-11-19 00:42:49.904206',1),(239,'2025-11-19 00:42:49.908109',2,16,'2025-11-19 00:42:49.908109',2),(240,'2025-11-19 00:42:49.911327',2,16,'2025-11-19 00:42:49.911327',3),(241,'2025-11-19 00:42:49.914656',2,16,'2025-11-19 00:42:49.914656',4),(246,'2025-11-19 00:42:49.928489',4,16,'2025-11-19 00:42:49.928489',1),(247,'2025-11-19 00:42:49.931817',4,16,'2025-11-19 00:42:49.931817',2),(248,'2025-11-19 00:42:49.935321',4,16,'2025-11-19 00:42:49.935321',3),(249,'2025-11-19 00:42:49.938041',4,16,'2025-11-19 00:42:49.938041',4),(250,'2025-11-19 00:42:49.940207',5,16,'2025-11-19 00:42:49.940207',1),(251,'2025-11-19 00:42:49.942889',5,16,'2025-11-19 00:42:49.942889',2),(252,'2025-11-19 00:42:49.945089',5,16,'2025-11-19 00:42:49.945089',3),(253,'2025-11-19 00:42:49.948619',5,16,'2025-11-19 00:42:49.948619',4),(254,'2025-11-19 00:42:49.950166',6,16,'2025-11-19 00:42:49.950166',1),(255,'2025-11-19 00:42:49.953496',6,16,'2025-11-19 00:42:49.953496',2),(256,'2025-11-19 00:42:49.955647',6,16,'2025-11-19 00:42:49.955647',3),(257,'2025-11-19 00:42:49.957803',6,16,'2025-11-19 00:42:49.957803',4),(258,'2025-11-19 00:42:49.960536',7,16,'2025-11-19 00:42:49.960536',1),(259,'2025-11-19 00:42:49.969513',7,16,'2025-11-19 00:42:49.969513',2),(260,'2025-11-19 00:42:49.977280',7,16,'2025-11-19 00:42:49.977280',3),(261,'2025-11-19 00:42:49.980555',7,16,'2025-11-19 00:42:49.980555',4),(262,'2025-11-19 00:42:49.982723',8,16,'2025-11-19 00:42:49.983247',1),(263,'2025-11-19 00:42:49.985467',8,16,'2025-11-19 00:42:49.985467',2),(264,'2025-11-19 00:42:49.988238',8,16,'2025-11-19 00:42:49.988238',3),(265,'2025-11-19 00:42:49.990387',8,16,'2025-11-19 00:42:49.990387',4),(311,'2025-11-20 12:40:29.384375',7,11,'2025-11-20 12:40:29.384375',1),(312,'2025-11-20 12:40:29.392360',7,11,'2025-11-20 12:40:29.392360',2),(313,'2025-11-20 12:40:29.397349',7,11,'2025-11-20 12:40:29.397349',3),(314,'2025-11-20 12:40:29.400772',7,11,'2025-11-20 12:40:29.400772',4),(315,'2025-11-20 12:40:29.403824',7,11,'2025-11-20 12:40:29.403824',5),(316,'2025-11-20 12:40:29.407353',8,11,'2025-11-20 12:40:29.407353',1),(317,'2025-11-20 12:40:29.410067',8,11,'2025-11-20 12:40:29.410067',2),(318,'2025-11-20 12:40:29.412809',8,11,'2025-11-20 12:40:29.412809',3),(319,'2025-11-20 12:40:29.415139',8,11,'2025-11-20 12:40:29.415139',4),(320,'2025-11-20 12:40:29.417303',8,11,'2025-11-20 12:40:29.417303',5),(321,'2025-11-20 12:40:29.420094',5,11,'2025-11-20 12:40:29.420094',1),(322,'2025-11-20 12:40:29.422284',5,11,'2025-11-20 12:40:29.422284',2),(323,'2025-11-20 12:40:29.425150',5,11,'2025-11-20 12:40:29.425150',3),(324,'2025-11-20 12:40:29.428429',5,11,'2025-11-20 12:40:29.428429',4),(325,'2025-11-20 12:40:29.431735',5,11,'2025-11-20 12:40:29.431735',5),(326,'2025-11-20 12:40:29.434532',2,11,'2025-11-20 12:40:29.434532',1),(327,'2025-11-20 12:40:29.436735',2,11,'2025-11-20 12:40:29.436735',2),(328,'2025-11-20 12:40:29.439526',2,11,'2025-11-20 12:40:29.439526',3),(329,'2025-11-20 12:40:29.443467',2,11,'2025-11-20 12:40:29.443467',4),(330,'2025-11-20 12:40:29.445665',2,11,'2025-11-20 12:40:29.445665',5),(336,'2025-11-20 12:40:29.458932',4,11,'2025-11-20 12:40:29.458932',1),(337,'2025-11-20 12:40:29.461332',4,11,'2025-11-20 12:40:29.461332',2),(338,'2025-11-20 12:40:29.463567',4,11,'2025-11-20 12:40:29.464119',3),(339,'2025-11-20 12:40:29.465885',4,11,'2025-11-20 12:40:29.465885',4),(340,'2025-11-20 12:40:29.468041',4,11,'2025-11-20 12:40:29.468041',5),(346,'2025-11-20 12:40:29.481418',6,11,'2025-11-20 12:40:29.481418',1),(347,'2025-11-20 12:40:29.483076',6,11,'2025-11-20 12:40:29.483076',2),(348,'2025-11-20 12:40:29.485287',6,11,'2025-11-20 12:40:29.485287',3),(349,'2025-11-20 12:40:29.487472',6,11,'2025-11-20 12:40:29.487472',4),(350,'2025-11-20 12:40:29.489222',6,11,'2025-11-20 12:40:29.489222',5),(351,'2025-11-21 12:18:33.123227',7,18,'2025-11-21 12:18:33.123227',1),(352,'2025-11-21 12:18:33.129938',7,18,'2025-11-21 12:18:33.129938',2),(353,'2025-11-21 12:18:33.132090',7,18,'2025-11-21 12:18:33.132090',3),(354,'2025-11-21 12:18:33.134258',7,18,'2025-11-21 12:18:33.134258',4),(355,'2025-11-21 12:18:33.136151',7,18,'2025-11-21 12:18:33.136151',5),(356,'2025-11-21 12:18:33.138873',7,18,'2025-11-21 12:18:33.138873',6),(357,'2025-11-21 12:18:33.141058',7,18,'2025-11-21 12:18:33.141058',7),(358,'2025-11-21 12:18:33.143212',8,18,'2025-11-21 12:18:33.143212',1),(359,'2025-11-21 12:18:33.145378',8,18,'2025-11-21 12:18:33.145378',2),(360,'2025-11-21 12:18:33.147557',8,18,'2025-11-21 12:18:33.147557',3),(361,'2025-11-21 12:18:33.149739',8,18,'2025-11-21 12:18:33.149739',4),(362,'2025-11-21 12:18:33.152755',8,18,'2025-11-21 12:18:33.152755',5),(363,'2025-11-21 12:18:33.155630',8,18,'2025-11-21 12:18:33.155630',6),(364,'2025-11-21 12:18:33.158335',8,18,'2025-11-21 12:18:33.158335',7),(365,'2025-11-21 12:18:33.161029',5,18,'2025-11-21 12:18:33.161029',1),(366,'2025-11-21 12:18:33.163216',5,18,'2025-11-21 12:18:33.163216',2),(367,'2025-11-21 12:18:33.165373',5,18,'2025-11-21 12:18:33.165373',3),(368,'2025-11-21 12:18:33.167564',5,18,'2025-11-21 12:18:33.167564',4),(369,'2025-11-21 12:18:33.170172',5,18,'2025-11-21 12:18:33.170172',5),(370,'2025-11-21 12:18:33.174027',5,18,'2025-11-21 12:18:33.174027',6),(371,'2025-11-21 12:18:33.177310',5,18,'2025-11-21 12:18:33.177310',7),(372,'2025-11-21 12:18:33.180557',2,18,'2025-11-21 12:18:33.180557',1),(373,'2025-11-21 12:18:33.182711',2,18,'2025-11-21 12:18:33.182711',2),(374,'2025-11-21 12:18:33.186189',2,18,'2025-11-21 12:18:33.186189',3),(375,'2025-11-21 12:18:33.188876',2,18,'2025-11-21 12:18:33.188876',4),(376,'2025-11-21 12:18:33.191038',2,18,'2025-11-21 12:18:33.191038',5),(377,'2025-11-21 12:18:33.193263',2,18,'2025-11-21 12:18:33.193263',6),(378,'2025-11-21 12:18:33.195416',2,18,'2025-11-21 12:18:33.195416',7),(379,'2025-11-21 12:18:33.197043',4,18,'2025-11-21 12:18:33.197043',1),(380,'2025-11-21 12:18:33.199166',4,18,'2025-11-21 12:18:33.199166',2),(381,'2025-11-21 12:18:33.201125',4,18,'2025-11-21 12:18:33.201125',3),(382,'2025-11-21 12:18:33.203324',4,18,'2025-11-21 12:18:33.203324',4),(383,'2025-11-21 12:18:33.205508',4,18,'2025-11-21 12:18:33.205508',5),(384,'2025-11-21 12:18:33.207672',4,18,'2025-11-21 12:18:33.207672',6),(385,'2025-11-21 12:18:33.210006',4,18,'2025-11-21 12:18:33.210006',7),(386,'2025-11-21 12:18:33.212163',6,18,'2025-11-21 12:18:33.212163',1),(387,'2025-11-21 12:18:33.213901',6,18,'2025-11-21 12:18:33.213901',2),(388,'2025-11-21 12:18:33.216972',6,18,'2025-11-21 12:18:33.216972',3),(389,'2025-11-21 12:18:33.219108',6,18,'2025-11-21 12:18:33.219108',4),(390,'2025-11-21 12:18:33.221276',6,18,'2025-11-21 12:18:33.221276',5),(391,'2025-11-21 12:18:33.223411',6,18,'2025-11-21 12:18:33.223411',6),(392,'2025-11-21 12:18:33.225543',6,18,'2025-11-21 12:18:33.225543',7),(421,'2025-11-21 12:36:41.979891',7,19,'2025-11-21 12:36:41.979891',1),(422,'2025-11-21 12:36:41.985459',7,19,'2025-11-21 12:36:41.985459',2),(423,'2025-11-21 12:36:41.988185',7,19,'2025-11-21 12:36:41.988185',3),(424,'2025-11-21 12:36:41.990875',7,19,'2025-11-21 12:36:41.990875',4),(425,'2025-11-21 12:36:41.993949',7,19,'2025-11-21 12:36:41.993949',5),(426,'2025-11-21 12:36:41.997084',7,19,'2025-11-21 12:36:41.997084',6),(427,'2025-11-21 12:36:41.999668',7,19,'2025-11-21 12:36:41.999668',7),(428,'2025-11-21 12:36:42.001539',8,19,'2025-11-21 12:36:42.001539',1),(429,'2025-11-21 12:36:42.002669',8,19,'2025-11-21 12:36:42.002669',2),(430,'2025-11-21 12:36:42.005526',8,19,'2025-11-21 12:36:42.005526',3),(431,'2025-11-21 12:36:42.007790',8,19,'2025-11-21 12:36:42.007790',4),(432,'2025-11-21 12:36:42.009951',8,19,'2025-11-21 12:36:42.009951',5),(433,'2025-11-21 12:36:42.012903',8,19,'2025-11-21 12:36:42.012903',6),(434,'2025-11-21 12:36:42.014527',8,19,'2025-11-21 12:36:42.014527',7),(435,'2025-11-21 12:36:42.016828',5,19,'2025-11-21 12:36:42.016828',1),(436,'2025-11-21 12:36:42.018449',5,19,'2025-11-21 12:36:42.018449',2),(437,'2025-11-21 12:36:42.020646',5,19,'2025-11-21 12:36:42.020646',3),(438,'2025-11-21 12:36:42.022884',5,19,'2025-11-21 12:36:42.022884',4),(439,'2025-11-21 12:36:42.024473',5,19,'2025-11-21 12:36:42.024473',5),(440,'2025-11-21 12:36:42.026662',5,19,'2025-11-21 12:36:42.026662',6),(441,'2025-11-21 12:36:42.028992',5,19,'2025-11-21 12:36:42.028992',7),(442,'2025-11-21 12:36:42.031182',2,19,'2025-11-21 12:36:42.031182',1),(443,'2025-11-21 12:36:42.032809',2,19,'2025-11-21 12:36:42.032809',2),(444,'2025-11-21 12:36:42.034928',2,19,'2025-11-21 12:36:42.034928',3),(445,'2025-11-21 12:36:42.036872',2,19,'2025-11-21 12:36:42.036872',4),(446,'2025-11-21 12:36:42.039026',2,19,'2025-11-21 12:36:42.039026',5),(447,'2025-11-21 12:36:42.040676',2,19,'2025-11-21 12:36:42.040676',6),(448,'2025-11-21 12:36:42.042852',2,19,'2025-11-21 12:36:42.042852',7),(456,'2025-11-21 12:36:42.060537',4,19,'2025-11-21 12:36:42.060537',1),(457,'2025-11-21 12:36:42.063531',4,19,'2025-11-21 12:36:42.063531',2),(458,'2025-11-21 12:36:42.065719',4,19,'2025-11-21 12:36:42.065719',3),(459,'2025-11-21 12:36:42.068295',4,19,'2025-11-21 12:36:42.068295',4),(460,'2025-11-21 12:36:42.070486',4,19,'2025-11-21 12:36:42.070486',5),(461,'2025-11-21 12:36:42.072095',4,19,'2025-11-21 12:36:42.072095',6),(462,'2025-11-21 12:36:42.074258',4,19,'2025-11-21 12:36:42.074258',7),(470,'2025-11-21 12:36:42.093293',6,19,'2025-11-21 12:36:42.093293',1),(471,'2025-11-21 12:36:42.095428',6,19,'2025-11-21 12:36:42.095428',2),(472,'2025-11-21 12:36:42.097612',6,19,'2025-11-21 12:36:42.097612',3),(473,'2025-11-21 12:36:42.099773',6,19,'2025-11-21 12:36:42.099773',4),(474,'2025-11-21 12:36:42.101932',6,19,'2025-11-21 12:36:42.101932',5),(475,'2025-11-21 12:36:42.103547',6,19,'2025-11-21 12:36:42.103547',6),(476,'2025-11-21 12:36:42.105724',6,19,'2025-11-21 12:36:42.105724',7),(477,'2025-11-21 12:40:05.235241',7,20,'2025-11-21 12:40:05.235241',1),(478,'2025-11-21 12:40:05.239019',7,20,'2025-11-21 12:40:05.239019',2),(479,'2025-11-21 12:40:05.241748',7,20,'2025-11-21 12:40:05.241748',3),(480,'2025-11-21 12:40:05.244387',7,20,'2025-11-21 12:40:05.244387',4),(481,'2025-11-21 12:40:05.246634',7,20,'2025-11-21 12:40:05.246634',5),(482,'2025-11-21 12:40:05.248820',7,20,'2025-11-21 12:40:05.248820',6),(483,'2025-11-21 12:40:05.250428',7,20,'2025-11-21 12:40:05.250428',7),(484,'2025-11-21 12:40:05.252598',8,20,'2025-11-21 12:40:05.252598',1),(485,'2025-11-21 12:40:05.254202',8,20,'2025-11-21 12:40:05.254202',2),(486,'2025-11-21 12:40:05.255889',8,20,'2025-11-21 12:40:05.255889',3),(487,'2025-11-21 12:40:05.258164',8,20,'2025-11-21 12:40:05.258164',4),(488,'2025-11-21 12:40:05.260341',8,20,'2025-11-21 12:40:05.260341',5),(489,'2025-11-21 12:40:05.262157',8,20,'2025-11-21 12:40:05.262157',6),(490,'2025-11-21 12:40:05.264304',8,20,'2025-11-21 12:40:05.264304',7),(491,'2025-11-21 12:40:05.265966',5,20,'2025-11-21 12:40:05.265966',1),(492,'2025-11-21 12:40:05.268137',5,20,'2025-11-21 12:40:05.268137',2),(493,'2025-11-21 12:40:05.269770',5,20,'2025-11-21 12:40:05.269770',3),(494,'2025-11-21 12:40:05.271409',5,20,'2025-11-21 12:40:05.271409',4),(495,'2025-11-21 12:40:05.273574',5,20,'2025-11-21 12:40:05.273574',5),(496,'2025-11-21 12:40:05.275746',5,20,'2025-11-21 12:40:05.275746',6),(497,'2025-11-21 12:40:05.279099',5,20,'2025-11-21 12:40:05.279099',7),(498,'2025-11-21 12:40:05.281824',2,20,'2025-11-21 12:40:05.281824',1),(499,'2025-11-21 12:40:05.283440',2,20,'2025-11-21 12:40:05.283440',2),(500,'2025-11-21 12:40:05.285590',2,20,'2025-11-21 12:40:05.285590',3),(501,'2025-11-21 12:40:05.287236',2,20,'2025-11-21 12:40:05.287236',4),(502,'2025-11-21 12:40:05.288848',2,20,'2025-11-21 12:40:05.288848',5),(503,'2025-11-21 12:40:05.289938',2,20,'2025-11-21 12:40:05.289938',6),(504,'2025-11-21 12:40:05.292514',2,20,'2025-11-21 12:40:05.292514',7),(512,'2025-11-21 12:40:05.307375',4,20,'2025-11-21 12:40:05.307375',1),(513,'2025-11-21 12:40:05.309087',4,20,'2025-11-21 12:40:05.309087',2),(514,'2025-11-21 12:40:05.311247',4,20,'2025-11-21 12:40:05.311247',3),(515,'2025-11-21 12:40:05.312860',4,20,'2025-11-21 12:40:05.312860',4),(516,'2025-11-21 12:40:05.315030',4,20,'2025-11-21 12:40:05.315030',5),(517,'2025-11-21 12:40:05.317196',4,20,'2025-11-21 12:40:05.317196',6),(518,'2025-11-21 12:40:05.319345',4,20,'2025-11-21 12:40:05.319345',7),(526,'2025-11-21 12:40:05.334527',6,20,'2025-11-21 12:40:05.334527',1),(527,'2025-11-21 12:40:05.336116',6,20,'2025-11-21 12:40:05.336116',2),(528,'2025-11-21 12:40:05.337729',6,20,'2025-11-21 12:40:05.337729',3),(529,'2025-11-21 12:40:05.339473',6,20,'2025-11-21 12:40:05.339473',4),(530,'2025-11-21 12:40:05.341079',6,20,'2025-11-21 12:40:05.341079',5),(531,'2025-11-21 12:40:05.342631',6,20,'2025-11-21 12:40:05.342631',6),(532,'2025-11-21 12:40:05.344757',6,20,'2025-11-21 12:40:05.344757',7),(533,'2025-11-28 12:20:42.299192',3,1,'2025-11-28 12:20:42.299192',0),(534,'2025-11-28 12:20:42.312448',3,1,'2025-11-28 12:20:42.312448',2),(535,'2025-11-28 12:20:42.315890',3,9,'2025-11-28 12:20:42.315890',2),(536,'2025-11-28 12:20:42.319135',3,9,'2025-11-28 12:20:42.319135',3),(537,'2025-11-28 12:20:42.321860',3,11,'2025-11-28 12:20:42.321860',1),(538,'2025-11-28 12:20:42.324052',3,11,'2025-11-28 12:20:42.324052',2),(539,'2025-11-28 12:20:42.326812',3,11,'2025-11-28 12:20:42.326812',3),(540,'2025-11-28 12:20:42.330134',3,11,'2025-11-28 12:20:42.330134',4),(541,'2025-11-28 12:20:42.332946',3,11,'2025-11-28 12:20:42.332946',5),(542,'2025-11-28 12:20:42.335188',3,12,'2025-11-28 12:20:42.335188',1),(543,'2025-11-28 12:20:42.337960',3,12,'2025-11-28 12:20:42.337960',2),(544,'2025-11-28 12:20:42.340133',3,12,'2025-11-28 12:20:42.340133',3),(545,'2025-11-28 12:20:42.342349',3,12,'2025-11-28 12:20:42.342349',4),(546,'2025-11-28 12:20:42.344006',3,16,'2025-11-28 12:20:42.344006',1),(547,'2025-11-28 12:20:42.347316',3,16,'2025-11-28 12:20:42.347316',2),(548,'2025-11-28 12:20:42.350053',3,16,'2025-11-28 12:20:42.350053',3),(549,'2025-11-28 12:20:42.353391',3,16,'2025-11-28 12:20:42.353391',4),(550,'2025-11-28 12:20:42.356166',3,17,'2025-11-28 12:20:42.356166',1),(551,'2025-11-28 12:20:42.358889',3,17,'2025-11-28 12:20:42.358889',2),(552,'2025-11-28 12:20:42.361787',3,17,'2025-11-28 12:20:42.361787',3),(553,'2025-11-28 12:20:42.364558',3,17,'2025-11-28 12:20:42.364558',4),(554,'2025-11-28 12:20:42.367320',3,19,'2025-11-28 12:20:42.367320',1),(555,'2025-11-28 12:20:42.369547',3,19,'2025-11-28 12:20:42.369547',2),(556,'2025-11-28 12:20:42.371746',3,19,'2025-11-28 12:20:42.371746',3),(557,'2025-11-28 12:20:42.373908',3,19,'2025-11-28 12:20:42.373908',4),(558,'2025-11-28 12:20:42.376133',3,19,'2025-11-28 12:20:42.376133',5),(559,'2025-11-28 12:20:42.378868',3,19,'2025-11-28 12:20:42.378868',6),(560,'2025-11-28 12:20:42.381589',3,19,'2025-11-28 12:20:42.381589',7),(561,'2025-11-28 12:20:42.383780',3,20,'2025-11-28 12:20:42.383780',1),(562,'2025-11-28 12:20:42.385993',3,20,'2025-11-28 12:20:42.385993',2),(563,'2025-11-28 12:20:42.388203',3,20,'2025-11-28 12:20:42.388203',3),(564,'2025-11-28 12:20:42.389873',3,20,'2025-11-28 12:20:42.389873',4),(565,'2025-11-28 12:20:42.393092',3,20,'2025-11-28 12:20:42.393092',5),(566,'2025-11-28 12:20:42.394771',3,20,'2025-11-28 12:20:42.394771',6),(567,'2025-11-28 12:20:42.397546',3,20,'2025-11-28 12:20:42.397546',7),(568,'2025-11-28 12:21:24.281522',1,1,'2025-11-28 12:21:24.281522',1),(569,'2025-11-28 12:21:24.285363',1,1,'2025-11-28 12:21:24.285363',2),(570,'2025-11-28 12:21:24.287549',1,1,'2025-11-28 12:21:24.288200',4),(571,'2025-11-28 12:21:24.290439',1,1,'2025-11-28 12:21:24.290439',5),(572,'2025-11-28 12:21:24.292710',1,1,'2025-11-28 12:21:24.292710',6),(573,'2025-11-28 12:21:24.294847',1,1,'2025-11-28 12:21:24.294847',7),(574,'2025-11-28 12:21:24.297603',1,2,'2025-11-28 12:21:24.297603',0),(575,'2025-11-28 12:21:24.299789',1,3,'2025-11-28 12:21:24.299789',3),(576,'2025-11-28 12:21:24.302552',1,9,'2025-11-28 12:21:24.302552',1),(577,'2025-11-28 12:21:24.304732',1,9,'2025-11-28 12:21:24.304732',2),(578,'2025-11-28 12:21:24.306398',1,9,'2025-11-28 12:21:24.306398',3),(579,'2025-11-28 12:21:24.308593',1,11,'2025-11-28 12:21:24.308593',1),(580,'2025-11-28 12:21:24.312395',1,11,'2025-11-28 12:21:24.312395',2),(581,'2025-11-28 12:21:24.316343',1,11,'2025-11-28 12:21:24.316343',3),(582,'2025-11-28 12:21:24.319694',1,11,'2025-11-28 12:21:24.319694',4),(583,'2025-11-28 12:21:24.322656',1,11,'2025-11-28 12:21:24.322656',5),(584,'2025-11-28 12:21:24.325354',1,12,'2025-11-28 12:21:24.325354',2),(585,'2025-11-28 12:21:24.328227',1,12,'2025-11-28 12:21:24.328227',4),(586,'2025-11-28 12:21:24.330965',1,12,'2025-11-28 12:21:24.330965',1),(587,'2025-11-28 12:21:24.333139',1,16,'2025-11-28 12:21:24.333139',1),(588,'2025-11-28 12:21:24.335154',1,16,'2025-11-28 12:21:24.335154',2),(589,'2025-11-28 12:21:24.337912',1,16,'2025-11-28 12:21:24.337912',3),(590,'2025-11-28 12:21:24.340128',1,16,'2025-11-28 12:21:24.340128',4),(591,'2025-11-28 12:21:24.342997',1,18,'2025-11-28 12:21:24.342997',1),(592,'2025-11-28 12:21:24.345379',1,18,'2025-11-28 12:21:24.345379',2),(593,'2025-11-28 12:21:24.347517',1,18,'2025-11-28 12:21:24.347517',3),(594,'2025-11-28 12:21:24.349068',1,18,'2025-11-28 12:21:24.349068',4),(595,'2025-11-28 12:21:24.351869',1,18,'2025-11-28 12:21:24.351869',5),(596,'2025-11-28 12:21:24.351869',1,18,'2025-11-28 12:21:24.351869',6),(597,'2025-11-28 12:21:24.358354',1,19,'2025-11-28 12:21:24.358354',1),(598,'2025-11-28 12:21:24.358354',1,19,'2025-11-28 12:21:24.358354',2),(599,'2025-11-28 12:21:24.358354',1,19,'2025-11-28 12:21:24.358354',3),(600,'2025-11-28 12:21:24.358354',1,19,'2025-11-28 12:21:24.358354',4),(601,'2025-11-28 12:21:24.368971',1,19,'2025-11-28 12:21:24.368971',5),(602,'2025-11-28 12:21:24.370958',1,19,'2025-11-28 12:21:24.370958',6),(603,'2025-11-28 12:21:24.373758',1,19,'2025-11-28 12:21:24.373758',7),(604,'2025-11-28 12:21:24.378156',1,20,'2025-11-28 12:21:24.378156',1),(605,'2025-11-28 12:21:24.380906',1,20,'2025-11-28 12:21:24.380906',2),(606,'2025-11-28 12:21:24.383705',1,20,'2025-11-28 12:21:24.383705',3),(607,'2025-11-28 12:21:24.385909',1,20,'2025-11-28 12:21:24.385909',4),(608,'2025-11-28 12:21:24.388093',1,20,'2025-11-28 12:21:24.388093',5),(609,'2025-11-28 12:21:24.390408',1,20,'2025-11-28 12:21:24.390408',6),(610,'2025-11-28 12:21:24.392562',1,20,'2025-11-28 12:21:24.392562',7),(611,'2025-12-04 12:24:12.904193',7,21,'2025-12-04 12:24:12.904193',1),(612,'2025-12-04 12:24:12.911214',7,21,'2025-12-04 12:24:12.911214',2),(613,'2025-12-04 12:24:12.915376',7,21,'2025-12-04 12:24:12.915376',3),(614,'2025-12-04 12:24:12.918654',7,21,'2025-12-04 12:24:12.918654',4),(615,'2025-12-04 12:24:12.920810',7,21,'2025-12-04 12:24:12.920810',5),(616,'2025-12-04 12:24:12.922972',7,21,'2025-12-04 12:24:12.922972',6),(617,'2025-12-04 12:24:12.925699',7,21,'2025-12-04 12:24:12.925699',7),(618,'2025-12-04 12:24:12.927846',8,21,'2025-12-04 12:24:12.927846',1),(619,'2025-12-04 12:24:12.930891',8,21,'2025-12-04 12:24:12.930891',2),(620,'2025-12-04 12:24:12.933732',8,21,'2025-12-04 12:24:12.933732',3),(621,'2025-12-04 12:24:12.935336',8,21,'2025-12-04 12:24:12.935336',4),(622,'2025-12-04 12:24:12.937569',8,21,'2025-12-04 12:24:12.937569',5),(623,'2025-12-04 12:24:12.939725',8,21,'2025-12-04 12:24:12.939725',6),(624,'2025-12-04 12:24:12.942428',8,21,'2025-12-04 12:24:12.942428',7),(625,'2025-12-04 12:24:12.944600',5,21,'2025-12-04 12:24:12.944600',1),(626,'2025-12-04 12:24:12.947736',5,21,'2025-12-04 12:24:12.947736',2),(627,'2025-12-04 12:24:12.950070',5,21,'2025-12-04 12:24:12.950070',3),(628,'2025-12-04 12:24:12.952244',5,21,'2025-12-04 12:24:12.952244',4),(629,'2025-12-04 12:24:12.954407',5,21,'2025-12-04 12:24:12.954407',5),(630,'2025-12-04 12:24:12.956528',5,21,'2025-12-04 12:24:12.956528',6),(631,'2025-12-04 12:24:12.958159',5,21,'2025-12-04 12:24:12.958159',7),(632,'2025-12-04 12:24:12.959774',2,21,'2025-12-04 12:24:12.959774',1),(633,'2025-12-04 12:24:12.961934',2,21,'2025-12-04 12:24:12.961934',2),(634,'2025-12-04 12:24:12.965587',2,21,'2025-12-04 12:24:12.965587',3),(635,'2025-12-04 12:24:12.968904',2,21,'2025-12-04 12:24:12.968904',4),(636,'2025-12-04 12:24:12.971608',2,21,'2025-12-04 12:24:12.971608',5),(637,'2025-12-04 12:24:12.974384',2,21,'2025-12-04 12:24:12.974384',6),(638,'2025-12-04 12:24:12.977080',2,21,'2025-12-04 12:24:12.977080',7),(639,'2025-12-04 12:24:12.980089',3,21,'2025-12-04 12:24:12.980089',1),(640,'2025-12-04 12:24:12.982805',3,21,'2025-12-04 12:24:12.982805',2),(641,'2025-12-04 12:24:12.985537',3,21,'2025-12-04 12:24:12.985537',3),(642,'2025-12-04 12:24:12.987750',3,21,'2025-12-04 12:24:12.987750',4),(643,'2025-12-04 12:24:12.990477',3,21,'2025-12-04 12:24:12.990477',5),(644,'2025-12-04 12:24:12.992665',3,21,'2025-12-04 12:24:12.992665',6),(645,'2025-12-04 12:24:12.995109',3,21,'2025-12-04 12:24:12.995109',7),(646,'2025-12-04 12:24:12.998761',4,21,'2025-12-04 12:24:12.998761',1),(647,'2025-12-04 12:24:13.000956',4,21,'2025-12-04 12:24:13.000956',2),(648,'2025-12-04 12:24:13.003683',4,21,'2025-12-04 12:24:13.003683',3),(649,'2025-12-04 12:24:13.005885',4,21,'2025-12-04 12:24:13.005885',4),(650,'2025-12-04 12:24:13.008067',4,21,'2025-12-04 12:24:13.008067',5),(651,'2025-12-04 12:24:13.010255',4,21,'2025-12-04 12:24:13.010255',6),(652,'2025-12-04 12:24:13.013226',4,21,'2025-12-04 12:24:13.013226',7),(653,'2025-12-04 12:24:13.016213',1,21,'2025-12-04 12:24:13.016213',1),(654,'2025-12-04 12:24:13.018383',1,21,'2025-12-04 12:24:13.018383',2),(655,'2025-12-04 12:24:13.020588',1,21,'2025-12-04 12:24:13.020588',3),(656,'2025-12-04 12:24:13.022228',1,21,'2025-12-04 12:24:13.022228',4),(657,'2025-12-04 12:24:13.024423',1,21,'2025-12-04 12:24:13.024423',5),(658,'2025-12-04 12:24:13.026051',1,21,'2025-12-04 12:24:13.026051',6),(659,'2025-12-04 12:24:13.028226',1,21,'2025-12-04 12:24:13.028226',7),(660,'2025-12-04 12:24:13.030938',6,21,'2025-12-04 12:24:13.030938',1),(661,'2025-12-04 12:24:13.033122',6,21,'2025-12-04 12:24:13.033122',2),(662,'2025-12-04 12:24:13.035734',6,21,'2025-12-04 12:24:13.035734',3),(663,'2025-12-04 12:24:13.038409',6,21,'2025-12-04 12:24:13.038409',4),(664,'2025-12-04 12:24:13.040559',6,21,'2025-12-04 12:24:13.040559',5),(665,'2025-12-04 12:24:13.043401',6,21,'2025-12-04 12:24:13.043401',6),(666,'2025-12-04 12:24:13.045577',6,21,'2025-12-04 12:24:13.045577',7),(667,'2026-01-01 22:15:31.058012',7,24,'2026-01-01 22:15:31.058012',1),(668,'2026-01-01 22:15:31.068407',7,24,'2026-01-01 22:15:31.068407',2),(669,'2026-01-01 22:15:31.074373',7,24,'2026-01-01 22:15:31.074373',3),(670,'2026-01-01 22:15:31.077124',7,24,'2026-01-01 22:15:31.077124',4),(671,'2026-01-01 22:15:31.080493',7,24,'2026-01-01 22:15:31.080493',5),(672,'2026-01-01 22:15:31.088982',7,24,'2026-01-01 22:15:31.088982',6),(673,'2026-01-01 22:15:31.092356',7,24,'2026-01-01 22:15:31.092356',7),(674,'2026-01-01 22:15:31.095632',8,24,'2026-01-01 22:15:31.095632',1),(675,'2026-01-01 22:15:31.098472',8,24,'2026-01-01 22:15:31.098472',2),(676,'2026-01-01 22:15:31.101555',8,24,'2026-01-01 22:15:31.101555',3),(677,'2026-01-01 22:15:31.105270',8,24,'2026-01-01 22:15:31.105270',4),(678,'2026-01-01 22:15:31.109118',8,24,'2026-01-01 22:15:31.109118',5),(679,'2026-01-01 22:15:31.112383',8,24,'2026-01-01 22:15:31.112383',6),(680,'2026-01-01 22:15:31.116677',8,24,'2026-01-01 22:15:31.116677',7),(681,'2026-01-01 22:15:31.121894',5,24,'2026-01-01 22:15:31.121894',1),(682,'2026-01-01 22:15:31.126219',5,24,'2026-01-01 22:15:31.126219',2),(683,'2026-01-01 22:15:31.130034',5,24,'2026-01-01 22:15:31.130034',3),(684,'2026-01-01 22:15:31.132876',5,24,'2026-01-01 22:15:31.132876',4),(685,'2026-01-01 22:15:31.135722',5,24,'2026-01-01 22:15:31.135722',5),(686,'2026-01-01 22:15:31.137896',5,24,'2026-01-01 22:15:31.137896',6),(687,'2026-01-01 22:15:31.140106',5,24,'2026-01-01 22:15:31.140106',7),(688,'2026-01-01 22:15:31.141749',2,24,'2026-01-01 22:15:31.141749',1),(689,'2026-01-01 22:15:31.144536',2,24,'2026-01-01 22:15:31.144536',2),(690,'2026-01-01 22:15:31.146719',2,24,'2026-01-01 22:15:31.146719',3),(691,'2026-01-01 22:15:31.148377',2,24,'2026-01-01 22:15:31.148377',4),(692,'2026-01-01 22:15:31.150821',2,24,'2026-01-01 22:15:31.150821',5),(693,'2026-01-01 22:15:31.153215',2,24,'2026-01-01 22:15:31.153215',6),(694,'2026-01-01 22:15:31.155437',2,24,'2026-01-01 22:15:31.155437',7),(695,'2026-01-01 22:15:31.158207',3,24,'2026-01-01 22:15:31.158207',1),(696,'2026-01-01 22:15:31.160433',3,24,'2026-01-01 22:15:31.160433',2),(697,'2026-01-01 22:15:31.162592',3,24,'2026-01-01 22:15:31.162592',3),(698,'2026-01-01 22:15:31.165161',3,24,'2026-01-01 22:15:31.165161',4),(699,'2026-01-01 22:15:31.167179',3,24,'2026-01-01 22:15:31.167179',5),(700,'2026-01-01 22:15:31.169453',3,24,'2026-01-01 22:15:31.169453',6),(701,'2026-01-01 22:15:31.171454',3,24,'2026-01-01 22:15:31.171454',7),(702,'2026-01-01 22:15:31.174537',4,24,'2026-01-01 22:15:31.174537',1),(703,'2026-01-01 22:15:31.176070',4,24,'2026-01-01 22:15:31.176070',2),(704,'2026-01-01 22:15:31.179543',4,24,'2026-01-01 22:15:31.179543',3),(705,'2026-01-01 22:15:31.182314',4,24,'2026-01-01 22:15:31.182314',4),(706,'2026-01-01 22:15:31.183975',4,24,'2026-01-01 22:15:31.183975',5),(707,'2026-01-01 22:15:31.186154',4,24,'2026-01-01 22:15:31.186154',6),(708,'2026-01-01 22:15:31.188985',4,24,'2026-01-01 22:15:31.188985',7),(709,'2026-01-01 22:15:31.191661',1,24,'2026-01-01 22:15:31.191661',1),(710,'2026-01-01 22:15:31.194410',1,24,'2026-01-01 22:15:31.194410',2),(711,'2026-01-01 22:15:31.196642',1,24,'2026-01-01 22:15:31.196642',3),(712,'2026-01-01 22:15:31.198768',1,24,'2026-01-01 22:15:31.198768',4),(713,'2026-01-01 22:15:31.200956',1,24,'2026-01-01 22:15:31.200956',5),(714,'2026-01-01 22:15:31.203127',1,24,'2026-01-01 22:15:31.203127',6),(715,'2026-01-01 22:15:31.205357',1,24,'2026-01-01 22:15:31.205357',7),(716,'2026-01-01 22:15:31.208094',6,24,'2026-01-01 22:15:31.208094',1),(717,'2026-01-01 22:15:31.211396',6,24,'2026-01-01 22:15:31.211396',2),(718,'2026-01-01 22:15:31.213077',6,24,'2026-01-01 22:15:31.213077',3),(719,'2026-01-01 22:15:31.215031',6,24,'2026-01-01 22:15:31.215031',4),(720,'2026-01-01 22:15:31.217282',6,24,'2026-01-01 22:15:31.217282',5),(721,'2026-01-01 22:15:31.219622',6,24,'2026-01-01 22:15:31.219622',6),(722,'2026-01-01 22:15:31.221864',6,24,'2026-01-01 22:15:31.221864',7),(723,'2026-01-02 17:44:45.162890',7,25,'2026-01-02 17:44:45.162890',1),(724,'2026-01-02 17:44:45.168079',7,25,'2026-01-02 17:44:45.168079',2),(725,'2026-01-02 17:44:45.170234',7,25,'2026-01-02 17:44:45.170234',3),(726,'2026-01-02 17:44:45.172919',7,25,'2026-01-02 17:44:45.172919',4),(727,'2026-01-02 17:44:45.175092',7,25,'2026-01-02 17:44:45.175092',5),(728,'2026-01-02 17:44:45.176697',7,25,'2026-01-02 17:44:45.176697',6),(729,'2026-01-02 17:44:45.179139',7,25,'2026-01-02 17:44:45.179139',7),(730,'2026-01-02 17:44:45.182159',8,25,'2026-01-02 17:44:45.182159',1),(731,'2026-01-02 17:44:45.184328',8,25,'2026-01-02 17:44:45.184328',2),(732,'2026-01-02 17:44:45.186427',8,25,'2026-01-02 17:44:45.186427',3),(733,'2026-01-02 17:44:45.188607',8,25,'2026-01-02 17:44:45.188607',4),(734,'2026-01-02 17:44:45.190764',8,25,'2026-01-02 17:44:45.190764',5),(735,'2026-01-02 17:44:45.192926',8,25,'2026-01-02 17:44:45.192926',6),(736,'2026-01-02 17:44:45.195095',8,25,'2026-01-02 17:44:45.195095',7),(737,'2026-01-02 17:44:45.197206',5,25,'2026-01-02 17:44:45.197206',1),(738,'2026-01-02 17:44:45.199968',5,25,'2026-01-02 17:44:45.199968',2),(739,'2026-01-02 17:44:45.202114',5,25,'2026-01-02 17:44:45.202114',3),(740,'2026-01-02 17:44:45.204289',5,25,'2026-01-02 17:44:45.204289',4),(741,'2026-01-02 17:44:45.205477',5,25,'2026-01-02 17:44:45.205477',5),(742,'2026-01-02 17:44:45.207568',5,25,'2026-01-02 17:44:45.207568',6),(743,'2026-01-02 17:44:45.209769',5,25,'2026-01-02 17:44:45.209769',7),(744,'2026-01-02 17:44:45.211360',2,25,'2026-01-02 17:44:45.211360',1),(745,'2026-01-02 17:44:45.213507',2,25,'2026-01-02 17:44:45.213507',2),(746,'2026-01-02 17:44:45.216234',2,25,'2026-01-02 17:44:45.216234',3),(747,'2026-01-02 17:44:45.218904',2,25,'2026-01-02 17:44:45.218904',4),(748,'2026-01-02 17:44:45.221074',2,25,'2026-01-02 17:44:45.221074',5),(749,'2026-01-02 17:44:45.223256',2,25,'2026-01-02 17:44:45.223256',6),(750,'2026-01-02 17:44:45.225276',2,25,'2026-01-02 17:44:45.225276',7),(751,'2026-01-02 17:44:45.227375',3,25,'2026-01-02 17:44:45.227375',1),(752,'2026-01-02 17:44:45.229559',3,25,'2026-01-02 17:44:45.229559',2),(753,'2026-01-02 17:44:45.232239',3,25,'2026-01-02 17:44:45.232239',3),(754,'2026-01-02 17:44:45.234387',3,25,'2026-01-02 17:44:45.234387',4),(755,'2026-01-02 17:44:45.236559',3,25,'2026-01-02 17:44:45.236559',5),(756,'2026-01-02 17:44:45.238667',3,25,'2026-01-02 17:44:45.238667',6),(757,'2026-01-02 17:44:45.241041',3,25,'2026-01-02 17:44:45.241041',7),(758,'2026-01-02 17:44:45.242645',4,25,'2026-01-02 17:44:45.242645',1),(759,'2026-01-02 17:44:45.244889',4,25,'2026-01-02 17:44:45.244889',2),(760,'2026-01-02 17:44:45.246518',4,25,'2026-01-02 17:44:45.246518',3),(761,'2026-01-02 17:44:45.249216',4,25,'2026-01-02 17:44:45.249216',4),(762,'2026-01-02 17:44:45.251929',4,25,'2026-01-02 17:44:45.251929',5),(763,'2026-01-02 17:44:45.254073',4,25,'2026-01-02 17:44:45.254073',6),(764,'2026-01-02 17:44:45.255818',4,25,'2026-01-02 17:44:45.255818',7),(765,'2026-01-02 17:44:45.258006',1,25,'2026-01-02 17:44:45.258006',1),(766,'2026-01-02 17:44:45.259616',1,25,'2026-01-02 17:44:45.259616',2),(767,'2026-01-02 17:44:45.261777',1,25,'2026-01-02 17:44:45.261777',3),(768,'2026-01-02 17:44:45.263930',1,25,'2026-01-02 17:44:45.263930',4),(769,'2026-01-02 17:44:45.266083',1,25,'2026-01-02 17:44:45.266083',5),(770,'2026-01-02 17:44:45.268271',1,25,'2026-01-02 17:44:45.268271',6),(771,'2026-01-02 17:44:45.269852',1,25,'2026-01-02 17:44:45.269852',7),(772,'2026-01-02 17:44:45.272060',6,25,'2026-01-02 17:44:45.272060',1),(773,'2026-01-02 17:44:45.274417',6,25,'2026-01-02 17:44:45.274417',2),(774,'2026-01-02 17:44:45.275613',6,25,'2026-01-02 17:44:45.275613',3),(775,'2026-01-02 17:44:45.277663',6,25,'2026-01-02 17:44:45.277663',4),(776,'2026-01-02 17:44:45.279485',6,25,'2026-01-02 17:44:45.279485',5),(777,'2026-01-02 17:44:45.281379',6,25,'2026-01-02 17:44:45.281379',6),(778,'2026-01-02 17:44:45.283571',6,25,'2026-01-02 17:44:45.283571',7);
/*!40000 ALTER TABLE `practice_participants` ENABLE KEYS */;
UNLOCK TABLES;

--
-- Table structure for table `practice_sessions`
--

DROP TABLE IF EXISTS `practice_sessions`;
/*!40101 SET @saved_cs_client     = @@character_set_client */;
/*!50503 SET character_set_client = utf8mb4 */;
CREATE TABLE `practice_sessions` (
  `id` bigint NOT NULL AUTO_INCREMENT,
  `created_at` datetime(6) NOT NULL,
  `created_by` bigint NOT NULL,
  `location` varchar(200) COLLATE utf8mb4_unicode_ci DEFAULT NULL,
  `notes` text COLLATE utf8mb4_unicode_ci,
  `session_date` date NOT NULL,
  `total_matches` int NOT NULL,
  `updated_at` datetime(6) NOT NULL,
  `updated_by` bigint NOT NULL,
  `capacity` int DEFAULT NULL,
  `end_time` time(6) DEFAULT NULL,
  `start_time` time(6) DEFAULT NULL,
  `venue_id` bigint DEFAULT NULL,
  PRIMARY KEY (`id`),
  UNIQUE KEY `UKm60bbd1y9qs46eirlu5c2udhh` (`session_date`),
  KEY `idx_session_date` (`session_date`)
) ENGINE=InnoDB AUTO_INCREMENT=26 DEFAULT CHARSET=utf8mb4 COLLATE=utf8mb4_unicode_ci;
/*!40101 SET character_set_client = @saved_cs_client */;

--
-- Dumping data for table `practice_sessions`
--

LOCK TABLES `practice_sessions` WRITE;
/*!40000 ALTER TABLE `practice_sessions` DISABLE KEYS */;
INSERT INTO `practice_sessions` VALUES (1,'2025-11-09 23:24:51.517122',1,'東区民センター','','2025-11-13',10,'2025-11-09 23:24:51.517122',1,NULL,NULL,NULL,NULL),(2,'2025-11-09 23:35:22.377201',1,'東区民センター','','2025-11-09',10,'2025-11-09 23:35:22.377201',1,NULL,NULL,NULL,NULL),(3,'2025-11-10 07:41:32.915628',1,'東区民センター','','2025-11-10',10,'2025-11-10 07:41:32.915628',1,NULL,NULL,NULL,NULL),(9,'2025-11-11 12:08:03.222644',1,'Test Location','Test','2025-11-18',5,'2025-11-11 12:08:03.222644',1,NULL,NULL,NULL,NULL),(10,'2025-11-11 12:08:44.772666',1,'東区民センター','','2025-11-19',2,'2025-11-11 12:08:44.772666',1,NULL,NULL,NULL,NULL),(11,'2025-11-11 12:12:29.385013',1,'Test Location','No participants test','2025-11-20',5,'2025-11-11 12:12:29.385013',1,NULL,NULL,NULL,NULL),(12,'2025-11-11 12:15:43.266707',1,'東区民センター','','2025-11-28',4,'2025-11-11 12:15:43.267252',1,NULL,NULL,NULL,NULL),(13,'2025-11-12 08:30:07.816610',1,NULL,NULL,'2025-12-01',5,'2025-11-12 08:30:07.816610',1,NULL,NULL,NULL,NULL),(14,'2025-11-13 12:04:20.982528',1,'東区民センター','','2025-11-15',2,'2025-11-13 12:04:20.982528',1,NULL,NULL,NULL,NULL),(15,'2025-11-17 12:01:39.161383',1,'東区民センター','','2025-11-17',3,'2025-11-17 12:01:39.161383',1,NULL,NULL,NULL,NULL),(16,'2025-11-19 00:27:58.333912',1,'あかなら','','2025-11-23',4,'2025-11-19 00:27:58.333912',1,NULL,NULL,NULL,NULL),(17,'2025-11-19 00:28:21.246106',1,'クラ館','','2025-11-24',7,'2025-11-19 00:28:21.246106',1,NULL,NULL,NULL,NULL),(18,'2025-11-21 12:18:33.076569',1,NULL,'','2025-11-21',7,'2025-11-21 12:18:33.076569',1,NULL,NULL,NULL,3),(19,'2025-11-21 12:36:41.971900',1,NULL,'','2025-11-22',7,'2025-11-21 12:36:41.971900',1,NULL,NULL,NULL,3),(20,'2025-11-21 12:40:05.188398',1,NULL,'','2025-11-07',7,'2025-11-21 12:40:05.188398',1,NULL,NULL,NULL,3),(21,'2025-12-04 12:24:12.876639',1,NULL,'','2025-12-04',7,'2025-12-04 12:24:12.877183',1,NULL,NULL,NULL,3),(22,'2025-12-19 12:43:13.052330',1,NULL,'','2025-12-20',6,'2025-12-19 12:43:13.052330',1,NULL,NULL,NULL,4),(23,'2025-12-19 12:43:31.901334',1,NULL,'','2025-12-21',3,'2025-12-19 12:43:31.901334',1,NULL,NULL,NULL,5),(24,'2026-01-01 22:15:31.015057',1,NULL,'','2026-01-01',7,'2026-01-01 22:15:31.015057',1,NULL,NULL,NULL,3),(25,'2026-01-02 17:44:45.152048',1,NULL,'','2026-01-02',7,'2026-01-02 17:44:45.152048',1,NULL,NULL,NULL,3);
/*!40000 ALTER TABLE `practice_sessions` ENABLE KEYS */;
UNLOCK TABLES;

--
-- Table structure for table `venue_match_schedules`
--

DROP TABLE IF EXISTS `venue_match_schedules`;
/*!40101 SET @saved_cs_client     = @@character_set_client */;
/*!50503 SET character_set_client = utf8mb4 */;
CREATE TABLE `venue_match_schedules` (
  `id` bigint NOT NULL AUTO_INCREMENT,
  `end_time` time(6) NOT NULL,
  `match_number` int NOT NULL,
  `start_time` time(6) NOT NULL,
  `venue_id` bigint NOT NULL,
  PRIMARY KEY (`id`),
  UNIQUE KEY `uk_venue_match` (`venue_id`,`match_number`)
) ENGINE=InnoDB AUTO_INCREMENT=43 DEFAULT CHARSET=utf8mb4 COLLATE=utf8mb4_unicode_ci;
/*!40101 SET character_set_client = @saved_cs_client */;

--
-- Dumping data for table `venue_match_schedules`
--

LOCK TABLES `venue_match_schedules` WRITE;
/*!40000 ALTER TABLE `venue_match_schedules` DISABLE KEYS */;
INSERT INTO `venue_match_schedules` VALUES (17,'13:30:00.000000',1,'13:00:00.000000',2),(18,'14:00:00.000000',2,'13:30:00.000000',2),(19,'14:30:00.000000',3,'14:00:00.000000',2),(27,'10:30:00.000000',1,'09:10:00.000000',3),(28,'12:00:00.000000',2,'10:40:00.000000',3),(29,'14:30:00.000000',3,'13:00:00.000000',3),(30,'16:00:00.000000',4,'14:40:00.000000',3),(31,'17:30:00.000000',5,'16:10:00.000000',3),(32,'19:10:00.000000',6,'17:40:00.000000',3),(33,'20:50:00.000000',7,'19:20:00.000000',3),(34,'10:40:00.000000',1,'09:20:00.000000',4),(35,'12:00:00.000000',2,'10:50:00.000000',4),(36,'14:20:00.000000',3,'13:10:00.000000',4),(37,'17:30:00.000000',4,'16:00:00.000000',4),(38,'18:50:00.000000',5,'17:30:00.000000',4),(39,'20:00:00.000000',6,'19:00:00.000000',4),(40,'10:40:00.000000',1,'09:20:00.000000',5),(41,'12:00:00.000000',2,'10:50:00.000000',5),(42,'14:20:00.000000',3,'12:50:00.000000',5);
/*!40000 ALTER TABLE `venue_match_schedules` ENABLE KEYS */;
UNLOCK TABLES;

--
-- Table structure for table `venues`
--

DROP TABLE IF EXISTS `venues`;
/*!40101 SET @saved_cs_client     = @@character_set_client */;
/*!50503 SET character_set_client = utf8mb4 */;
CREATE TABLE `venues` (
  `id` bigint NOT NULL AUTO_INCREMENT,
  `created_at` datetime(6) NOT NULL,
  `default_match_count` int NOT NULL,
  `name` varchar(200) COLLATE utf8mb4_unicode_ci NOT NULL,
  `updated_at` datetime(6) NOT NULL,
  PRIMARY KEY (`id`),
  UNIQUE KEY `UKc2om8hy3unm9k7dxwddow2rv1` (`name`)
) ENGINE=InnoDB AUTO_INCREMENT=6 DEFAULT CHARSET=utf8mb4 COLLATE=utf8mb4_unicode_ci;
/*!40101 SET character_set_client = @saved_cs_client */;

--
-- Dumping data for table `venues`
--

LOCK TABLES `venues` WRITE;
/*!40000 ALTER TABLE `venues` DISABLE KEYS */;
INSERT INTO `venues` VALUES (2,'2025-11-20 20:33:35.934319',3,'東区民センター','2025-11-20 20:37:30.093797'),(3,'2025-11-20 20:33:53.629531',7,'クラーク会館','2025-11-21 12:09:07.717976'),(4,'2025-12-19 12:41:52.321264',6,'定山渓合宿1日目','2025-12-19 12:41:52.321264'),(5,'2025-12-19 12:42:49.146620',3,'定山渓合宿2日目','2025-12-19 12:42:49.146620');
/*!40000 ALTER TABLE `venues` ENABLE KEYS */;
UNLOCK TABLES;
/*!40103 SET TIME_ZONE=@OLD_TIME_ZONE */;

/*!40101 SET SQL_MODE=@OLD_SQL_MODE */;
/*!40014 SET FOREIGN_KEY_CHECKS=@OLD_FOREIGN_KEY_CHECKS */;
/*!40014 SET UNIQUE_CHECKS=@OLD_UNIQUE_CHECKS */;
/*!40101 SET CHARACTER_SET_CLIENT=@OLD_CHARACTER_SET_CLIENT */;
/*!40101 SET CHARACTER_SET_RESULTS=@OLD_CHARACTER_SET_RESULTS */;
/*!40101 SET COLLATION_CONNECTION=@OLD_COLLATION_CONNECTION */;
/*!40111 SET SQL_NOTES=@OLD_SQL_NOTES */;

-- Dump completed on 2026-01-07 18:52:36
